title,year,parental_guide,runtime,Genre,Name,name,name,gross_us_canada
The Shawshank Redemption,1994,R,2h 22m,['Drama'],Frank Darabont,"['Stephen King', 'Frank Darabont']","['Tim Robbins', 'Morgan Freeman', 'Bob Gunton']",28767189.0
The Godfather,1972,R,2h 55m,"['Crime', 'Drama']",Francis Ford Coppola,"['Mario Puzo', 'Francis Ford Coppola']","['Marlon Brando', 'Al Pacino', 'James Caan']",136381073.0
The Dark Knight,2008,PG-13,2h 32m,"['Action', 'Crime', 'Drama']",Christopher Nolan,"['Jonathan Nolan', 'Christopher Nolan', 'David S. Goyer']","['Christian Bale', 'Heath Ledger', 'Aaron Eckhart']",534987076.0
The Godfather Part II,1974,R,3h 22m,"['Crime', 'Drama']",Francis Ford Coppola,"['Francis Ford Coppola', 'Mario Puzo']","['Al Pacino', 'Robert De Niro', 'Robert Duvall']",47834595.0
12 Angry Men,1957,Approved,1h 36m,"['Crime', 'Drama']",Sidney Lumet,['Reginald Rose'],"['Henry Fonda', 'Lee J. Cobb', 'Martin Balsam']",
Schindler's List,1993,R,3h 15m,"['Biography', 'Drama', 'History']",Steven Spielberg,"['Thomas Keneally', 'Steven Zaillian']","['Liam Neeson', 'Ralph Fiennes', 'Ben Kingsley']",96898818.0
The Lord of the Rings: The Return of the King,2003,PG-13,3h 21m,"['Action', 'Adventure', 'Drama']",Peter Jackson,"['J.R.R. Tolkien', 'Fran Walsh', 'Philippa Boyens']","['Elijah Wood', 'Viggo Mortensen', 'Ian McKellen']",379427292.0
Pulp Fiction,1994,R,2h 34m,"['Crime', 'Drama']",Quentin Tarantino,"['Quentin Tarantino', 'Roger Avary']","['John Travolta', 'Uma Thurman', 'Samuel L. Jackson']",107928762.0
The Lord of the Rings: The Fellowship of the Ring,2001,PG-13,2h 58m,"['Action', 'Adventure', 'Drama']",Peter Jackson,"['J.R.R. Tolkien', 'Fran Walsh', 'Philippa Boyens']","['Elijah Wood', 'Ian McKellen', 'Orlando Bloom']",316115420.0
"The Good, the Bad and the Ugly",1966,Approved,2h 58m,"['Adventure', 'Western']",Sergio Leone,"['Luciano Vincenzoni', 'Sergio Leone', 'Agenore Incrocci']","['Clint Eastwood', 'Eli Wallach', 'Lee Van Cleef']",25100000.0
Forrest Gump,1994,PG-13,2h 22m,"['Drama', 'Romance']",Robert Zemeckis,"['Winston Groom', 'Eric Roth']","['Tom Hanks', 'Robin Wright', 'Gary Sinise']",330455270.0
Fight Club,1999,R,2h 19m,['Drama'],David Fincher,"['Chuck Palahniuk', 'Jim Uhls']","['Brad Pitt', 'Edward Norton', 'Meat Loaf']",37030102.0
The Lord of the Rings: The Two Towers,2002,PG-13,2h 59m,"['Action', 'Adventure', 'Drama']",Peter Jackson,"['J.R.R. Tolkien', 'Fran Walsh', 'Philippa Boyens']","['Elijah Wood', 'Ian McKellen', 'Viggo Mortensen']",342952511.0
Inception,2010,PG-13,2h 28m,"['Action', 'Adventure', 'Sci-Fi']",Christopher Nolan,['Christopher Nolan'],"['Leonardo DiCaprio', 'Joseph Gordon-Levitt', 'Elliot Page']",292587330.0
Star Wars: Episode V - The Empire Strikes Back,1980,PG,2h 4m,"['Action', 'Adventure', 'Fantasy']",Irvin Kershner,"['Leigh Brackett', 'Lawrence Kasdan', 'George Lucas']","['Mark Hamill', 'Harrison Ford', 'Carrie Fisher']",292753960.0
The Matrix,1999,R,2h 16m,"['Action', 'Sci-Fi']",Lana Wachowski,"['Lilly Wachowski', 'Lana Wachowski']","['Keanu Reeves', 'Laurence Fishburne', 'Carrie-Anne Moss']",172076928.0
Goodfellas,1990,R,2h 25m,"['Biography', 'Crime', 'Drama']",Martin Scorsese,"['Nicholas Pileggi', 'Martin Scorsese']","['Robert De Niro', 'Ray Liotta', 'Joe Pesci']",46909721.0
One Flew Over the Cuckoo's Nest,1975,R,2h 13m,['Drama'],Milos Forman,"['Lawrence Hauben', 'Bo Goldman', 'Ken Kesey']","['Jack Nicholson', 'Louise Fletcher', 'Michael Berryman']",108981275.0
Spider-Man: Across the Spider-Verse,2023,PG,2h 20m,"['Animation', 'Action', 'Adventure']",Joaquim Dos Santos,"['Phil Lord', 'Christopher Miller', 'Dave Callaham']","['Shameik Moore', 'Hailee Steinfeld', 'Brian Tyree Henry']",381210457.0
Se7en,1995,R,2h 7m,"['Crime', 'Drama', 'Mystery']",David Fincher,['Andrew Kevin Walker'],"['Morgan Freeman', 'Brad Pitt', 'Kevin Spacey']",100125643.0
It's a Wonderful Life,1946,PG,2h 10m,"['Drama', 'Family', 'Fantasy']",Frank Capra,"['Frances Goodrich', 'Albert Hackett', 'Frank Capra']","['James Stewart', 'Donna Reed', 'Lionel Barrymore']",1483643.0
Seven Samurai,1954,Unrated,3h 27m,"['Action', 'Drama']",Akira Kurosawa,"['Akira Kurosawa', 'Shinobu Hashimoto', 'Hideo Oguni']","['Toshirô Mifune', 'Takashi Shimura', 'Keiko Tsushima']",318649.0
The Silence of the Lambs,1991,R,1h 58m,"['Crime', 'Drama', 'Thriller']",Jonathan Demme,"['Thomas Harris', 'Ted Tally']","['Jodie Foster', 'Anthony Hopkins', 'Lawrence A. Bonney']",130742922.0
Interstellar,2014,PG-13,2h 49m,"['Adventure', 'Drama', 'Sci-Fi']",Christopher Nolan,"['Jonathan Nolan', 'Christopher Nolan']","['Matthew McConaughey', 'Anne Hathaway', 'Jessica Chastain']",188020017.0
Saving Private Ryan,1998,R,2h 49m,"['Drama', 'War']",Steven Spielberg,['Robert Rodat'],"['Tom Hanks', 'Matt Damon', 'Tom Sizemore']",217049603.0
City of God,2002,R,2h 10m,"['Crime', 'Drama']",Fernando Meirelles,"['Paulo Lins', 'Bráulio Mantovani']","['Alexandre Rodrigues', 'Leandro Firmino', 'Matheus Nachtergaele']",7564459.0
Life Is Beautiful,1997,PG-13,1h 56m,"['Comedy', 'Drama', 'Romance']",Roberto Benigni,"['Vincenzo Cerami', 'Roberto Benigni']","['Roberto Benigni', 'Nicoletta Braschi', 'Giorgio Cantarini']",57563264.0
The Green Mile,1999,R,3h 9m,"['Crime', 'Drama', 'Fantasy']",Frank Darabont,"['Stephen King', 'Frank Darabont']","['Tom Hanks', 'Michael Clarke Duncan', 'David Morse']",136801374.0
Star Wars: Episode IV - A New Hope,1977,PG,2h 1m,"['Action', 'Adventure', 'Fantasy']",George Lucas,['George Lucas'],"['Mark Hamill', 'Harrison Ford', 'Carrie Fisher']",460998507.0
Terminator 2: Judgment Day,1991,R,2h 17m,"['Action', 'Sci-Fi']",James Cameron,"['James Cameron', 'William Wisher']","['Arnold Schwarzenegger', 'Linda Hamilton', 'Edward Furlong']",205881154.0
Back to the Future,1985,PG,1h 56m,"['Adventure', 'Comedy', 'Sci-Fi']",Robert Zemeckis,"['Robert Zemeckis', 'Bob Gale']","['Michael J. Fox', 'Christopher Lloyd', 'Lea Thompson']",212836762.0
Spirited Away,2001,PG,2h 5m,"['Animation', 'Adventure', 'Family']",Hayao Miyazaki,['Hayao Miyazaki'],"['Daveigh Chase', 'Suzanne Pleshette', 'Miyu Irino']",15205725.0
The Pianist,2002,R,2h 30m,"['Biography', 'Drama', 'Music']",Roman Polanski,"['Ronald Harwood', 'Wladyslaw Szpilman']","['Adrien Brody', 'Thomas Kretschmann', 'Frank Finlay']",32572577.0
Psycho,1960,R,1h 49m,"['Horror', 'Mystery', 'Thriller']",Alfred Hitchcock,"['Joseph Stefano', 'Robert Bloch']","['Anthony Perkins', 'Janet Leigh', 'Vera Miles']",32000000.0
Parasite,2019,R,2h 12m,"['Drama', 'Thriller']",Bong Joon Ho,"['Bong Joon Ho', 'Han Jin-won']","['Song Kang-ho', 'Lee Sun-kyun', 'Cho Yeo-jeong']",53369749.0
Gladiator,2000,R,2h 35m,"['Action', 'Adventure', 'Drama']",Ridley Scott,"['David Franzoni', 'John Logan', 'William Nicholson']","['Russell Crowe', 'Joaquin Phoenix', 'Connie Nielsen']",187705427.0
The Lion King,1994,G,1h 28m,"['Animation', 'Adventure', 'Drama']",Roger Allers,"['Irene Mecchi', 'Jonathan Roberts', 'Linda Woolverton']","['Matthew Broderick', 'Jeremy Irons', 'James Earl Jones']",422783777.0
Léon: The Professional,1994,R,1h 50m,"['Action', 'Crime', 'Drama']",Luc Besson,['Luc Besson'],"['Jean Reno', 'Gary Oldman', 'Natalie Portman']",19501238.0
Oppenheimer,2023,R,3h,"['Biography', 'Drama', 'History']",Christopher Nolan,"['Christopher Nolan', 'Kai Bird', 'Martin Sherwin']","['Cillian Murphy', 'Emily Blunt', 'Matt Damon']",310531000.0
American History X,1998,R,1h 59m,"['Crime', 'Drama']",Tony Kaye,['David McKenna'],"['Edward Norton', 'Edward Furlong', ""Beverly D'Angelo""]",6719864.0
The Departed,2006,R,2h 31m,"['Crime', 'Drama', 'Thriller']",Martin Scorsese,"['William Monahan', 'Alan Mak', 'Felix Chong']","['Leonardo DiCaprio', 'Matt Damon', 'Jack Nicholson']",132399394.0
Whiplash,2014,R,1h 46m,"['Drama', 'Music']",Damien Chazelle,['Damien Chazelle'],"['Miles Teller', 'J.K. Simmons', 'Melissa Benoist']",13092000.0
The Prestige,2006,PG-13,2h 10m,"['Drama', 'Mystery', 'Sci-Fi']",Christopher Nolan,"['Jonathan Nolan', 'Christopher Nolan', 'Christopher Priest']","['Christian Bale', 'Hugh Jackman', 'Scarlett Johansson']",53089891.0
The Usual Suspects,1995,R,1h 46m,"['Crime', 'Drama', 'Mystery']",Bryan Singer,['Christopher McQuarrie'],"['Kevin Spacey', 'Gabriel Byrne', 'Chazz Palminteri']",23341568.0
Grave of the Fireflies,1988,Unrated,1h 29m,"['Animation', 'Drama', 'War']",Isao Takahata,"['Akiyuki Nosaka', 'Isao Takahata']","['Tsutomu Tatsumi', 'Ayano Shiraishi', 'Akemi Yamaguchi']",516962.0
Casablanca,1942,PG,1h 42m,"['Drama', 'Romance', 'War']",Michael Curtiz,"['Julius J. Epstein', 'Philip G. Epstein', 'Howard Koch']","['Humphrey Bogart', 'Ingrid Bergman', 'Paul Henreid']",4219709.0
Harakiri,1962,Unrated,2h 13m,"['Action', 'Drama', 'Mystery']",Masaki Kobayashi,"['Yasuhiko Takiguchi', 'Shinobu Hashimoto']","['Tatsuya Nakadai', 'Akira Ishihama', 'Shima Iwashita']",
The Intouchables,2011,R,1h 52m,"['Biography', 'Comedy', 'Drama']",Olivier Nakache,"['Olivier Nakache', 'Éric Toledano', 'Philippe Pozzo di Borgo']","['François Cluzet', 'Omar Sy', 'Anne Le Ny']",10198820.0
Modern Times,1936,G,1h 27m,"['Comedy', 'Drama', 'Romance']",Charles Chaplin,['Charles Chaplin'],"['Charles Chaplin', 'Paulette Goddard', 'Henry Bergman']",163577.0
Cinema Paradiso,1988,PG,2h 35m,"['Drama', 'Romance']",Giuseppe Tornatore,"['Giuseppe Tornatore', 'Vanna Paoli']","['Philippe Noiret', 'Enzo Cannavale', 'Antonella Attili']",12397210.0
Once Upon a Time in the West,1968,PG-13,2h 45m,['Western'],Sergio Leone,"['Sergio Donati', 'Sergio Leone', 'Dario Argento']","['Henry Fonda', 'Charles Bronson', 'Claudia Cardinale']",5321508.0
Rear Window,1954,PG,1h 52m,"['Mystery', 'Thriller']",Alfred Hitchcock,"['John Michael Hayes', 'Cornell Woolrich']","['James Stewart', 'Grace Kelly', 'Wendell Corey']",36764313.0
Alien,1979,R,1h 57m,"['Horror', 'Sci-Fi']",Ridley Scott,"[""Dan O'Bannon"", 'Ronald Shusett']","['Sigourney Weaver', 'Tom Skerritt', 'John Hurt']",81900459.0
City Lights,1931,G,1h 27m,"['Comedy', 'Drama', 'Romance']",Charles Chaplin,"['Charles Chaplin', 'Harry Carr', 'Harry Crocker']","['Charles Chaplin', 'Virginia Cherrill', 'Florence Lee']",19181.0
Apocalypse Now,1979,R,2h 27m,"['Drama', 'Mystery', 'War']",Francis Ford Coppola,"['John Milius', 'Francis Ford Coppola', 'Michael Herr']","['Martin Sheen', 'Marlon Brando', 'Robert Duvall']",96042913.0
Memento,2000,R,1h 53m,"['Mystery', 'Thriller']",Christopher Nolan,"['Christopher Nolan', 'Jonathan Nolan']","['Guy Pearce', 'Carrie-Anne Moss', 'Joe Pantoliano']",25544867.0
Django Unchained,2012,R,2h 45m,"['Drama', 'Western']",Quentin Tarantino,['Quentin Tarantino'],"['Jamie Foxx', 'Christoph Waltz', 'Leonardo DiCaprio']",162805434.0
Indiana Jones and the Raiders of the Lost Ark,1981,PG,1h 55m,"['Action', 'Adventure']",Steven Spielberg,"['Lawrence Kasdan', 'George Lucas', 'Philip Kaufman']","['Harrison Ford', 'Karen Allen', 'Paul Freeman']",248159971.0
WALL·E,2008,G,1h 38m,"['Animation', 'Adventure', 'Family']",Andrew Stanton,"['Andrew Stanton', 'Pete Docter', 'Jim Reardon']","['Ben Burtt', 'Elissa Knight', 'Jeff Garlin']",223808164.0
The Lives of Others,2006,R,2h 17m,"['Drama', 'Mystery', 'Thriller']",Florian Henckel von Donnersmarck,['Florian Henckel von Donnersmarck'],"['Ulrich Mühe', 'Martina Gedeck', 'Sebastian Koch']",11286112.0
Sunset Blvd.,1950,Passed,1h 50m,"['Drama', 'Film-Noir']",Billy Wilder,"['Charles Brackett', 'Billy Wilder', 'D.M. Marshman Jr.']","['William Holden', 'Gloria Swanson', 'Erich von Stroheim']",299645.0
Paths of Glory,1957,Approved,1h 28m,"['Drama', 'War']",Stanley Kubrick,"['Stanley Kubrick', 'Calder Willingham', 'Jim Thompson']","['Kirk Douglas', 'Ralph Meeker', 'Adolphe Menjou']",
Avengers: Infinity War,2018,PG-13,2h 29m,"['Action', 'Adventure', 'Sci-Fi']",Anthony Russo,"['Christopher Markus', 'Stephen McFeely', 'Stan Lee']","['Robert Downey Jr.', 'Chris Hemsworth', 'Mark Ruffalo']",678815482.0
The Shining,1980,R,2h 26m,"['Drama', 'Horror']",Stanley Kubrick,"['Stephen King', 'Stanley Kubrick', 'Diane Johnson']","['Jack Nicholson', 'Shelley Duvall', 'Danny Lloyd']",45634352.0
The Great Dictator,1940,G,2h 5m,"['Comedy', 'Drama', 'War']",Charles Chaplin,['Charles Chaplin'],"['Charles Chaplin', 'Paulette Goddard', 'Jack Oakie']",
Witness for the Prosecution,1957,Approved,1h 56m,"['Crime', 'Drama', 'Mystery']",Billy Wilder,"['Agatha Christie', 'Billy Wilder', 'Harry Kurnitz']","['Tyrone Power', 'Marlene Dietrich', 'Charles Laughton']",
Spider-Man: Into the Spider-Verse,2018,PG,1h 57m,"['Animation', 'Action', 'Adventure']",Bob Persichetti,"['Phil Lord', 'Rodney Rothman']","['Shameik Moore', 'Jake Johnson', 'Hailee Steinfeld']",190241310.0
Aliens,1986,R,2h 17m,"['Action', 'Adventure', 'Sci-Fi']",James Cameron,"['James Cameron', 'David Giler', 'Walter Hill']","['Sigourney Weaver', 'Michael Biehn', 'Carrie Henn']",85160248.0
The Dark Knight Rises,2012,PG-13,2h 44m,"['Action', 'Drama', 'Thriller']",Christopher Nolan,"['Jonathan Nolan', 'Christopher Nolan', 'David S. Goyer']","['Christian Bale', 'Tom Hardy', 'Anne Hathaway']",448149584.0
American Beauty,1999,R,2h 2m,['Drama'],Sam Mendes,['Alan Ball'],"['Kevin Spacey', 'Annette Bening', 'Thora Birch']",130096601.0
Inglourious Basterds,2009,R,2h 33m,"['Adventure', 'Drama', 'War']",Quentin Tarantino,['Quentin Tarantino'],"['Brad Pitt', 'Diane Kruger', 'Eli Roth']",120540719.0
Dr. Strangelove or: How I Learned to Stop Worrying and Love the Bomb,1964,PG,1h 35m,"['Comedy', 'War']",Stanley Kubrick,"['Stanley Kubrick', 'Terry Southern', 'Peter George']","['Peter Sellers', 'George C. Scott', 'Sterling Hayden']",9440272.0
Oldboy,2003,R,2h,"['Action', 'Drama', 'Mystery']",Park Chan-wook,"['Garon Tsuchiya', 'Nobuaki Minegishi', 'Park Chan-wook']","['Choi Min-sik', 'Yoo Ji-tae', 'Kang Hye-jeong']",2338699.0
Coco,2017,PG,1h 45m,"['Animation', 'Adventure', 'Drama']",Lee Unkrich,"['Lee Unkrich', 'Jason Katz', 'Matthew Aldrich']","['Anthony Gonzalez', 'Gael García Bernal', 'Benjamin Bratt']",210460015.0
Amadeus,1984,PG,2h 40m,"['Biography', 'Drama', 'Music']",Milos Forman,"['Peter Shaffer', 'Zdenek Mahler']","['F. Murray Abraham', 'Tom Hulce', 'Elizabeth Berridge']",51973029.0
Toy Story,1995,G,1h 21m,"['Animation', 'Adventure', 'Comedy']",John Lasseter,"['John Lasseter', 'Pete Docter', 'Andrew Stanton']","['Tom Hanks', 'Tim Allen', 'Don Rickles']",223225679.0
Das Boot,1981,Unrated,Untimed,"['Drama', 'War']",Wolfgang Petersen,"['Wolfgang Petersen', 'Lothar G. Buchheim']","['Jürgen Prochnow', 'Herbert Grönemeyer', 'Klaus Wennemann']",11487676.0
Braveheart,1995,R,2h 58m,"['Biography', 'Drama', 'History']",Mel Gibson,['Randall Wallace'],"['Mel Gibson', 'Sophie Marceau', 'Patrick McGoohan']",75609945.0
Joker,2019,R,2h 2m,"['Crime', 'Drama', 'Thriller']",Todd Phillips,"['Todd Phillips', 'Scott Silver', 'Bob Kane']","['Joaquin Phoenix', 'Robert De Niro', 'Zazie Beetz']",335477657.0
Avengers: Endgame,2019,PG-13,3h 1m,"['Action', 'Adventure', 'Drama']",Anthony Russo,"['Christopher Markus', 'Stephen McFeely', 'Stan Lee']","['Robert Downey Jr.', 'Chris Evans', 'Mark Ruffalo']",858373000.0
Princess Mononoke,1997,PG-13,2h 14m,"['Animation', 'Action', 'Adventure']",Hayao Miyazaki,"['Hayao Miyazaki', 'Neil Gaiman']","['Yôji Matsuda', 'Yuriko Ishida', 'Yûko Tanaka']",4845631.0
Good Will Hunting,1997,R,2h 6m,"['Drama', 'Romance']",Gus Van Sant,"['Matt Damon', 'Ben Affleck']","['Robin Williams', 'Matt Damon', 'Ben Affleck']",138433435.0
Once Upon a Time in America,1984,R,3h 49m,"['Crime', 'Drama']",Sergio Leone,"['Harry Grey', 'Leonardo Benvenuti', 'Piero De Bernardi']","['Robert De Niro', 'James Woods', 'Elizabeth McGovern']",5321508.0
Your Name.,2016,TV-PG,1h 46m,"['Animation', 'Drama', 'Fantasy']",Makoto Shinkai,"['Makoto Shinkai', 'Clark Cheng']","['Ryunosuke Kamiki', 'Mone Kamishiraishi', 'Ryo Narita']",5017246.0
3 Idiots,2009,PG-13,2h 50m,"['Comedy', 'Drama']",Rajkumar Hirani,"['Abhijat Joshi', 'Rajkumar Hirani', 'Vidhu Vinod Chopra']","['Aamir Khan', 'Madhavan', 'Mona Singh']",6532874.0
High and Low,1963,Unrated,2h 23m,"['Crime', 'Drama', 'Mystery']",Akira Kurosawa,"['Hideo Oguni', 'Ryûzô Kikushima', 'Eijirô Hisaita']","['Toshirô Mifune', 'Yutaka Sada', 'Tatsuya Nakadai']",46808.0
Singin' in the Rain,1952,G,1h 43m,"['Comedy', 'Musical', 'Romance']",Stanley Donen,"['Betty Comden', 'Adolph Green']","['Gene Kelly', ""Donald O'Connor"", 'Debbie Reynolds']",1884537.0
Requiem for a Dream,2000,Unrated,1h 42m,['Drama'],Darren Aronofsky,"['Hubert Selby Jr.', 'Darren Aronofsky']","['Ellen Burstyn', 'Jared Leto', 'Jennifer Connelly']",3635482.0
Capernaum,2018,R,2h 6m,['Drama'],Nadine Labaki,"['Nadine Labaki', 'Jihad Hojeily', 'Michelle Keserwany']","['Zain Al Rafeea', 'Yordanos Shiferaw', 'Boluwatife Treasure Bankole']",1661096.0
Toy Story 3,2010,G,1h 43m,"['Animation', 'Adventure', 'Comedy']",Lee Unkrich,"['John Lasseter', 'Andrew Stanton', 'Lee Unkrich']","['Tom Hanks', 'Tim Allen', 'Joan Cusack']",415004880.0
Come and See,1985,Unrated,2h 22m,"['Drama', 'Thriller', 'War']",Elem Klimov,"['Ales Adamovich', 'Elem Klimov']","['Aleksey Kravchenko', 'Olga Mironova', 'Liubomiras Laucevicius']",71909.0
Star Wars: Episode VI - Return of the Jedi,1983,PG,2h 11m,"['Action', 'Adventure', 'Fantasy']",Richard Marquand,"['Lawrence Kasdan', 'George Lucas']","['Mark Hamill', 'Harrison Ford', 'Carrie Fisher']",316566101.0
Eternal Sunshine of the Spotless Mind,2004,R,1h 48m,"['Drama', 'Romance', 'Sci-Fi']",Michel Gondry,"['Charlie Kaufman', 'Michel Gondry', 'Pierre Bismuth']","['Jim Carrey', 'Kate Winslet', 'Tom Wilkinson']",34400301.0
2001: A Space Odyssey,1968,G,2h 29m,"['Adventure', 'Sci-Fi']",Stanley Kubrick,"['Stanley Kubrick', 'Arthur C. Clarke']","['Keir Dullea', 'Gary Lockwood', 'William Sylvester']",60481243.0
The Hunt,2012,R,1h 55m,['Drama'],Thomas Vinterberg,"['Thomas Vinterberg', 'Tobias Lindholm']","['Mads Mikkelsen', 'Thomas Bo Larsen', 'Annika Wedderkopp']",613308.0
Reservoir Dogs,1992,R,1h 39m,"['Crime', 'Thriller']",Quentin Tarantino,"['Quentin Tarantino', 'Roger Avary']","['Harvey Keitel', 'Tim Roth', 'Michael Madsen']",2832029.0
Ikiru,1952,Unrated,2h 23m,['Drama'],Akira Kurosawa,"['Akira Kurosawa', 'Shinobu Hashimoto', 'Hideo Oguni']","['Takashi Shimura', 'Nobuo Kaneko', ""Shin'ichi Himori""]",60239.0
Lawrence of Arabia,1962,Approved,3h 38m,"['Adventure', 'Biography', 'Drama']",David Lean,"['Robert Bolt', 'Michael Wilson']","[""Peter O'Toole"", 'Alec Guinness', 'Anthony Quinn']",45306425.0
Citizen Kane,1941,PG,1h 59m,"['Drama', 'Mystery']",Orson Welles,"['Herman J. Mankiewicz', 'Orson Welles', 'John Houseman']","['Orson Welles', 'Joseph Cotten', 'Dorothy Comingore']",1627530.0
M,1931,Passed,1h 39m,"['Crime', 'Mystery', 'Thriller']",Fritz Lang,"['Thea von Harbou', 'Fritz Lang', 'Egon Jacobsohn']","['Peter Lorre', 'Ellen Widmann', 'Inge Landgut']",35566.0
North by Northwest,1959,Approved,2h 16m,"['Action', 'Adventure', 'Mystery']",Alfred Hitchcock,['Ernest Lehman'],"['Cary Grant', 'Eva Marie Saint', 'James Mason']",66728.0
The Apartment,1960,Approved,2h 5m,"['Comedy', 'Drama', 'Romance']",Billy Wilder,"['Billy Wilder', 'I.A.L. Diamond']","['Jack Lemmon', 'Shirley MacLaine', 'Fred MacMurray']",18600000.0
Vertigo,1958,PG,2h 8m,"['Mystery', 'Romance', 'Thriller']",Alfred Hitchcock,"['Alec Coppel', 'Samuel A. Taylor', 'Pierre Boileau']","['James Stewart', 'Kim Novak', 'Barbara Bel Geddes']",7705225.0
Double Indemnity,1944,Passed,1h 47m,"['Crime', 'Drama', 'Film-Noir']",Billy Wilder,"['Billy Wilder', 'Raymond Chandler', 'James M. Cain']","['Fred MacMurray', 'Barbara Stanwyck', 'Edward G. Robinson']",
Amélie,2001,R,2h 2m,"['Comedy', 'Romance']",Jean-Pierre Jeunet,"['Guillaume Laurant', 'Jean-Pierre Jeunet']","['Audrey Tautou', 'Mathieu Kassovitz', 'Rufus']",33225499.0
Scarface,1983,18+,2h 50m,"['Crime', 'Drama']",Brian De Palma,"['Oliver Stone', 'Howard Hawks', 'Ben Hecht']","['Al Pacino', 'Michelle Pfeiffer', 'Steven Bauer']",45408703.0
Full Metal Jacket,1987,R,1h 56m,"['Drama', 'War']",Stanley Kubrick,"['Stanley Kubrick', 'Michael Herr', 'Gustav Hasford']","['Matthew Modine', 'R. Lee Ermey', ""Vincent D'Onofrio""]",46357676.0
A Clockwork Orange,1971,X,2h 16m,"['Crime', 'Sci-Fi']",Stanley Kubrick,"['Stanley Kubrick', 'Anthony Burgess']","['Malcolm McDowell', 'Patrick Magee', 'Michael Bates']",26617553.0
Incendies,2010,R,2h 11m,"['Drama', 'Mystery', 'War']",Denis Villeneuve,"['Denis Villeneuve', 'Wajdi Mouawad', 'Valérie Beaugrand-Champagne']","['Lubna Azabal', 'Mélissa Désormeaux-Poulin', 'Maxim Gaudette']",2071334.0
Hamilton,2020,PG-13,2h 40m,"['Biography', 'Drama', 'History']",Thomas Kail,"['Lin-Manuel Miranda', 'Ron Chernow']","['Lin-Manuel Miranda', 'Phillipa Soo', 'Leslie Odom Jr.']",
Heat,1995,R,2h 50m,"['Action', 'Crime', 'Drama']",Michael Mann,['Michael Mann'],"['Al Pacino', 'Robert De Niro', 'Val Kilmer']",67436818.0
Up,2009,PG,1h 36m,"['Animation', 'Adventure', 'Comedy']",Pete Docter,"['Pete Docter', 'Bob Peterson', 'Tom McCarthy']","['Edward Asner', 'Jordan Nagai', 'John Ratzenberger']",293004164.0
To Kill a Mockingbird,1962,Approved,2h 9m,"['Crime', 'Drama']",Robert Mulligan,"['Harper Lee', 'Horton Foote']","['Gregory Peck', 'John Megna', 'Frank Overton']",592237.0
The Sting,1973,PG,2h 9m,"['Comedy', 'Crime', 'Drama']",George Roy Hill,['David S. Ward'],"['Paul Newman', 'Robert Redford', 'Robert Shaw']",156000000.0
A Separation,2011,PG-13,2h 3m,['Drama'],Asghar Farhadi,['Asghar Farhadi'],"['Payman Maadi', 'Leila Hatami', 'Sareh Bayat']",7099055.0
Indiana Jones and the Last Crusade,1989,PG-13,2h 7m,"['Action', 'Adventure']",Steven Spielberg,"['Jeffrey Boam', 'George Lucas', 'Menno Meyjes']","['Harrison Ford', 'Sean Connery', 'Alison Doody']",197171806.0
Metropolis,1927,Unrated,2h 33m,"['Drama', 'Sci-Fi']",Fritz Lang,"['Thea von Harbou', 'Fritz Lang']","['Brigitte Helm', 'Alfred Abel', 'Gustav Fröhlich']",1236166.0
Die Hard,1988,R,2h 12m,"['Action', 'Thriller']",John McTiernan,"['Roderick Thorp', 'Jeb Stuart', 'Steven E. de Souza']","['Bruce Willis', 'Alan Rickman', 'Bonnie Bedelia']",83844093.0
L.A. Confidential,1997,R,2h 18m,"['Crime', 'Drama', 'Mystery']",Curtis Hanson,"['James Ellroy', 'Brian Helgeland', 'Curtis Hanson']","['Kevin Spacey', 'Russell Crowe', 'Guy Pearce']",64616940.0
Bicycle Thieves,1948,Unrated,1h 29m,['Drama'],Vittorio De Sica,"['Cesare Zavattini', 'Luigi Bartolini', 'Oreste Biancoli']","['Lamberto Maggiorani', 'Enzo Staiola', 'Lianella Carell']",371111.0
Snatch,2000,R,1h 42m,"['Comedy', 'Crime']",Guy Ritchie,['Guy Ritchie'],"['Jason Statham', 'Brad Pitt', 'Stephen Graham']",30328156.0
Like Stars on Earth,2007,PG,2h 45m,"['Drama', 'Family']",Aamir Khan,['Amole Gupte'],"['Darsheel Safary', 'Aamir Khan', 'Tanay Chheda']",1223869.0
Taxi Driver,1976,R,1h 54m,"['Crime', 'Drama']",Martin Scorsese,['Paul Schrader'],"['Robert De Niro', 'Jodie Foster', 'Cybill Shepherd']",28262574.0
1917,2019,R,1h 59m,"['Action', 'Drama', 'War']",Sam Mendes,"['Sam Mendes', 'Krysty Wilson-Cairns']","['Dean-Charles Chapman', 'George MacKay', 'Daniel Mays']",159227644.0
Downfall,2004,R,2h 36m,"['Biography', 'Drama', 'History']",Oliver Hirschbiegel,"['Bernd Eichinger', 'Joachim Fest', 'Traudl Junge']","['Bruno Ganz', 'Alexandra Maria Lara', 'Ulrich Matthes']",5509040.0
Dangal,2016,Unrated,2h 41m,"['Action', 'Biography', 'Drama']",Nitesh Tiwari,"['Piyush Gupta', 'Shreyas Jain', 'Nikhil Mehrotra']","['Aamir Khan', 'Sakshi Tanwar', 'Fatima Sana Shaikh']",12391761.0
Top Gun: Maverick,2022,PG-13,2h 10m,"['Action', 'Drama']",Joseph Kosinski,"['Jim Cash', 'Jack Epps Jr.', 'Peter Craig']","['Tom Cruise', 'Jennifer Connelly', 'Miles Teller']",718732821.0
For a Few Dollars More,1965,R,2h 12m,"['Drama', 'Western']",Sergio Leone,"['Sergio Leone', 'Fulvio Morsella', 'Luciano Vincenzoni']","['Clint Eastwood', 'Lee Van Cleef', 'Gian Maria Volontè']",15000000.0
Batman Begins,2005,PG-13,2h 20m,"['Action', 'Crime', 'Drama']",Christopher Nolan,"['Bob Kane', 'David S. Goyer', 'Christopher Nolan']","['Christian Bale', 'Michael Caine', 'Ken Watanabe']",206863479.0
Some Like It Hot,1959,Passed,2h 1m,"['Comedy', 'Music', 'Romance']",Billy Wilder,"['Billy Wilder', 'I.A.L. Diamond', 'Robert Thoeren']","['Marilyn Monroe', 'Tony Curtis', 'Jack Lemmon']",
The Kid,1921,Passed,1h 8m,"['Comedy', 'Drama', 'Family']",Charles Chaplin,['Charles Chaplin'],"['Charles Chaplin', 'Edna Purviance', 'Jackie Coogan']",
The Wolf of Wall Street,2013,R,3h,"['Biography', 'Comedy', 'Crime']",Martin Scorsese,"['Terence Winter', 'Jordan Belfort']","['Leonardo DiCaprio', 'Jonah Hill', 'Margot Robbie']",116900694.0
The Father,2020,PG-13,1h 37m,"['Drama', 'Mystery']",Florian Zeller,"['Christopher Hampton', 'Florian Zeller']","['Anthony Hopkins', 'Olivia Colman', 'Mark Gatiss']",2122771.0
Green Book,2018,PG-13,2h 10m,"['Biography', 'Comedy', 'Drama']",Peter Farrelly,"['Nick Vallelonga', 'Brian Hayes Currie', 'Peter Farrelly']","['Viggo Mortensen', 'Mahershala Ali', 'Linda Cardellini']",85080171.0
All About Eve,1950,Passed,2h 18m,['Drama'],Joseph L. Mankiewicz,"['Joseph L. Mankiewicz', 'Mary Orr']","['Bette Davis', 'Anne Baxter', 'George Sanders']",63463.0
Judgment at Nuremberg,1961,Approved,2h 59m,"['Drama', 'War']",Stanley Kramer,"['Abby Mann', 'Montgomery Clift']","['Spencer Tracy', 'Burt Lancaster', 'Richard Widmark']",
The Truman Show,1998,PG,1h 43m,"['Comedy', 'Drama']",Peter Weir,['Andrew Niccol'],"['Jim Carrey', 'Ed Harris', 'Laura Linney']",125618201.0
There Will Be Blood,2007,R,2h 38m,['Drama'],Paul Thomas Anderson,"['Paul Thomas Anderson', 'Upton Sinclair']","['Daniel Day-Lewis', 'Paul Dano', 'Ciarán Hinds']",40222514.0
Casino,1995,R,2h 58m,"['Crime', 'Drama']",Martin Scorsese,"['Nicholas Pileggi', 'Martin Scorsese']","['Robert De Niro', 'Sharon Stone', 'Joe Pesci']",42512375.0
Ran,1985,R,2h 42m,"['Action', 'Drama', 'War']",Akira Kurosawa,"['Akira Kurosawa', 'Hideo Oguni', 'Masato Ide']","['Tatsuya Nakadai', 'Akira Terao', 'Jinpachi Nezu']",4135750.0
Shutter Island,2010,R,2h 18m,"['Mystery', 'Thriller']",Martin Scorsese,"['Laeta Kalogridis', 'Dennis Lehane']","['Leonardo DiCaprio', 'Emily Mortimer', 'Mark Ruffalo']",128012934.0
Pan's Labyrinth,2006,R,1h 58m,"['Drama', 'Fantasy', 'War']",Guillermo del Toro,['Guillermo del Toro'],"['Ivana Baquero', 'Ariadna Gil', 'Sergi López']",37646380.0
The Sixth Sense,1999,PG-13,1h 47m,"['Drama', 'Mystery', 'Thriller']",M. Night Shyamalan,['M. Night Shyamalan'],"['Bruce Willis', 'Haley Joel Osment', 'Toni Collette']",293506292.0
Unforgiven,1992,R,2h 10m,"['Drama', 'Western']",Clint Eastwood,['David Webb Peoples'],"['Clint Eastwood', 'Gene Hackman', 'Morgan Freeman']",101167799.0
Jurassic Park,1993,PG-13,2h 7m,"['Action', 'Adventure', 'Sci-Fi']",Steven Spielberg,"['Michael Crichton', 'David Koepp']","['Sam Neill', 'Laura Dern', 'Jeff Goldblum']",407050405.0
A Beautiful Mind,2001,PG-13,2h 15m,"['Biography', 'Drama']",Ron Howard,"['Akiva Goldsman', 'Sylvia Nasar']","['Russell Crowe', 'Ed Harris', 'Jennifer Connelly']",170742341.0
The Treasure of the Sierra Madre,1947,Passed,2h 6m,"['Adventure', 'Drama', 'Western']",John Huston,"['John Huston', 'B. Traven']","['Humphrey Bogart', 'Walter Huston', 'Tim Holt']",5014000.0
Yojimbo,1961,Unrated,1h 50m,"['Action', 'Drama', 'Thriller']",Akira Kurosawa,"['Akira Kurosawa', 'Ryûzô Kikushima']","['Toshirô Mifune', 'Eijirô Tôno', 'Tatsuya Nakadai']",46808.0
No Country for Old Men,2007,R,2h 2m,"['Crime', 'Drama', 'Thriller']",Ethan Coen,"['Joel Coen', 'Ethan Coen', 'Cormac McCarthy']","['Tommy Lee Jones', 'Javier Bardem', 'Josh Brolin']",74283625.0
Monty Python and the Holy Grail,1975,PG,1h 31m,"['Adventure', 'Comedy', 'Fantasy']",Terry Gilliam,"['Graham Chapman', 'John Cleese', 'Eric Idle']","['Graham Chapman', 'John Cleese', 'Eric Idle']",1827696.0
Kill Bill: Vol. 1,2003,R,1h 51m,"['Action', 'Crime', 'Thriller']",Quentin Tarantino,"['Quentin Tarantino', 'Uma Thurman']","['Uma Thurman', 'David Carradine', 'Daryl Hannah']",70099045.0
The Great Escape,1963,Approved,2h 52m,"['Adventure', 'Drama', 'History']",John Sturges,"['Paul Brickhill', 'James Clavell', 'W.R. Burnett']","['Steve McQueen', 'James Garner', 'Richard Attenborough']",
The Thing,1982,16+,1h 49m,"['Horror', 'Mystery', 'Sci-Fi']",John Carpenter,"['Bill Lancaster', 'John W. Campbell Jr.']","['Kurt Russell', 'Wilford Brimley', 'Keith David']",19629760.0
Rashomon,1950,Unrated,1h 28m,"['Crime', 'Drama', 'Mystery']",Akira Kurosawa,"['Ryûnosuke Akutagawa', 'Akira Kurosawa', 'Shinobu Hashimoto']","['Toshirô Mifune', 'Machiko Kyô', 'Masayuki Mori']",46808.0
Finding Nemo,2003,G,1h 40m,"['Animation', 'Adventure', 'Comedy']",Andrew Stanton,"['Andrew Stanton', 'Bob Peterson', 'David Reynolds']","['Albert Brooks', 'Ellen DeGeneres', 'Alexander Gould']",380843261.0
The Elephant Man,1980,PG,2h 4m,"['Biography', 'Drama']",David Lynch,"['Christopher De Vore', 'Eric Bergren', 'David Lynch']","['Anthony Hopkins', 'John Hurt', 'Anne Bancroft']",26010864.0
Chinatown,1974,R,2h 10m,"['Drama', 'Mystery', 'Thriller']",Roman Polanski,"['Robert Towne', 'Roman Polanski']","['Jack Nicholson', 'Faye Dunaway', 'John Huston']",29200000.0
Spider-Man: No Way Home,2021,PG-13,2h 28m,"['Action', 'Adventure', 'Fantasy']",Jon Watts,"['Chris McKenna', 'Erik Sommers', 'Stan Lee']","['Tom Holland', 'Zendaya', 'Benedict Cumberbatch']",814115070.0
Gone with the Wind,1939,Passed,3h 58m,"['Drama', 'Romance', 'War']",Victor Fleming,"['Margaret Mitchell', 'Sidney Howard', 'Oliver H.P. Garrett']","['Clark Gable', 'Vivien Leigh', 'Thomas Mitchell']",200882193.0
V for Vendetta,2005,R,2h 12m,"['Action', 'Drama', 'Sci-Fi']",James McTeigue,"['Lilly Wachowski', 'Lana Wachowski', 'David Lloyd']","['Hugo Weaving', 'Natalie Portman', 'Rupert Graves']",70511035.0
Dial M for Murder,1954,PG,1h 45m,"['Crime', 'Thriller']",Alfred Hitchcock,['Frederick Knott'],"['Ray Milland', 'Grace Kelly', 'Robert Cummings']",24845.0
Howl's Moving Castle,2004,PG,1h 59m,"['Animation', 'Adventure', 'Family']",Hayao Miyazaki,"['Hayao Miyazaki', 'Diana Wynne Jones']","['Chieko Baishô', 'Takuya Kimura', 'Tatsuya Gashûin']",6789268.0
Raging Bull,1980,R,2h 9m,"['Biography', 'Drama', 'Sport']",Martin Scorsese,"['Jake LaMotta', 'Joseph Carter', 'Peter Savage']","['Robert De Niro', 'Cathy Moriarty', 'Joe Pesci']",23383987.0
"Lock, Stock and Two Smoking Barrels",1998,R,1h 47m,"['Action', 'Comedy', 'Crime']",Guy Ritchie,['Guy Ritchie'],"['Jason Flemyng', 'Dexter Fletcher', 'Nick Moran']",3753929.0
The Secret in Their Eyes,2009,R,2h 9m,"['Drama', 'Mystery', 'Romance']",Juan José Campanella,"['Eduardo Sacheri', 'Juan José Campanella']","['Ricardo Darín', 'Soledad Villamil', 'Pablo Rago']",6391436.0
Inside Out,2015,PG,1h 35m,"['Animation', 'Adventure', 'Comedy']",Pete Docter,"['Pete Docter', 'Ronnie Del Carmen', 'Meg LeFauve']","['Amy Poehler', 'Bill Hader', 'Lewis Black']",356921711.0
Prisoners,2013,R,2h 33m,"['Crime', 'Drama', 'Mystery']",Denis Villeneuve,['Aaron Guzikowski'],"['Hugh Jackman', 'Jake Gyllenhaal', 'Viola Davis']",61002302.0
"Three Billboards Outside Ebbing, Missouri",2017,R,1h 55m,"['Comedy', 'Crime', 'Drama']",Martin McDonagh,['Martin McDonagh'],"['Frances McDormand', 'Woody Harrelson', 'Sam Rockwell']",54513740.0
The Bridge on the River Kwai,1957,PG,2h 41m,"['Adventure', 'Drama', 'War']",David Lean,"['Pierre Boulle', 'Carl Foreman', 'Michael Wilson']","['William Holden', 'Alec Guinness', 'Jack Hawkins']",27200000.0
Trainspotting,1996,R,1h 33m,['Drama'],Danny Boyle,"['Irvine Welsh', 'John Hodge']","['Ewan McGregor', 'Ewen Bremner', 'Jonny Lee Miller']",16491080.0
Fargo,1996,R,1h 38m,"['Crime', 'Thriller']",Joel Coen,"['Ethan Coen', 'Joel Coen']","['William H. Macy', 'Frances McDormand', 'Steve Buscemi']",24611975.0
Warrior,2011,PG-13,2h 20m,"['Action', 'Drama', 'Sport']",Gavin O'Connor,"[""Gavin O'Connor"", 'Anthony Tambakis', 'Cliff Dorfman']","['Tom Hardy', 'Nick Nolte', 'Joel Edgerton']",13657115.0
Gran Torino,2008,R,1h 56m,['Drama'],Clint Eastwood,"['Nick Schenk', 'Dave Johannson']","['Clint Eastwood', 'Bee Vang', 'Christopher Carley']",148095302.0
Catch Me If You Can,2002,PG-13,2h 21m,"['Biography', 'Crime', 'Drama']",Steven Spielberg,"['Jeff Nathanson', 'Frank Abagnale Jr.', 'Stan Redding']","['Leonardo DiCaprio', 'Tom Hanks', 'Christopher Walken']",164615351.0
My Neighbor Totoro,1988,G,1h 26m,"['Animation', 'Comedy', 'Family']",Hayao Miyazaki,['Hayao Miyazaki'],"['Hitoshi Takagi', 'Noriko Hidaka', 'Chika Sakamoto']",2250213.0
Million Dollar Baby,2004,PG-13,2h 12m,"['Drama', 'Sport']",Clint Eastwood,"['Paul Haggis', 'F.X. Toole']","['Hilary Swank', 'Clint Eastwood', 'Morgan Freeman']",100492203.0
Klaus,2019,PG,1h 36m,"['Animation', 'Adventure', 'Comedy']",Sergio Pablos,"['Sergio Pablos', 'Jim Mahoney', 'Zach Lewis']","['Jason Schwartzman', 'J.K. Simmons', 'Rashida Jones']",
Harry Potter and the Deathly Hallows: Part 2,2011,PG-13,2h 10m,"['Adventure', 'Family', 'Fantasy']",David Yates,"['Steve Kloves', 'J.K. Rowling']","['Daniel Radcliffe', 'Emma Watson', 'Rupert Grint']",381447587.0
Children of Heaven,1997,PG,1h 29m,"['Drama', 'Family', 'Sport']",Majid Majidi,['Majid Majidi'],"['Mohammad Amir Naji', 'Amir Farrokh Hashemian', 'Bahare Seddiqi']",933933.0
Blade Runner,1982,R,1h 57m,"['Action', 'Drama', 'Sci-Fi']",Ridley Scott,"['Hampton Fancher', 'David Webb Peoples', 'Philip K. Dick']","['Harrison Ford', 'Rutger Hauer', 'Sean Young']",32914489.0
12 Years a Slave,2013,R,2h 14m,"['Biography', 'Drama', 'History']",Steve McQueen,"['John Ridley', 'Solomon Northup']","['Chiwetel Ejiofor', 'Michael Kenneth Williams', 'Michael Fassbender']",56671993.0
Before Sunrise,1995,R,1h 41m,"['Drama', 'Romance']",Richard Linklater,"['Richard Linklater', 'Kim Krizan']","['Ethan Hawke', 'Julie Delpy', 'Andrea Eckert']",5535405.0
The Gold Rush,1925,Passed,1h 35m,"['Adventure', 'Comedy', 'Drama']",Charles Chaplin,['Charles Chaplin'],"['Charles Chaplin', 'Mack Swain', 'Tom Murray']",
The Grand Budapest Hotel,2014,R,1h 39m,"['Adventure', 'Comedy', 'Crime']",Wes Anderson,"['Stefan Zweig', 'Wes Anderson', 'Hugo Guinness']","['Ralph Fiennes', 'F. Murray Abraham', 'Mathieu Amalric']",59301324.0
Ben-Hur,1959,G,3h 32m,"['Adventure', 'Drama']",William Wyler,"['Lew Wallace', 'Karl Tunberg', 'Gore Vidal']","['Charlton Heston', 'Jack Hawkins', 'Stephen Boyd']",74432704.0
Gone Girl,2014,R,2h 29m,"['Drama', 'Mystery', 'Thriller']",David Fincher,['Gillian Flynn'],"['Ben Affleck', 'Rosamund Pike', 'Neil Patrick Harris']",167767189.0
Barry Lyndon,1975,PG,3h 5m,"['Adventure', 'Drama', 'War']",Stanley Kubrick,"['Stanley Kubrick', 'William Makepeace Thackeray']","[""Ryan O'Neal"", 'Marisa Berenson', 'Patrick Magee']",
On the Waterfront,1954,Approved,1h 48m,"['Crime', 'Drama', 'Thriller']",Elia Kazan,"['Budd Schulberg', 'Malcolm Johnson', 'Robert Siodmak']","['Marlon Brando', 'Karl Malden', 'Lee J. Cobb']",
Hacksaw Ridge,2016,R,2h 19m,"['Biography', 'Drama', 'History']",Mel Gibson,"['Robert Schenkkan', 'Andrew Knight']","['Andrew Garfield', 'Sam Worthington', 'Luke Bracey']",67209615.0
In the Name of the Father,1993,R,2h 13m,"['Biography', 'Crime', 'Drama']",Jim Sheridan,"['Gerry Conlon', 'Terry George', 'Jim Sheridan']","['Daniel Day-Lewis', 'Pete Postlethwaite', 'Alison Crosbie']",25096862.0
The General,1926,Passed,1h 18m,"['Action', 'Adventure', 'Comedy']",Clyde Bruckman,"['Buster Keaton', 'Clyde Bruckman', 'Al Boasberg']","['Buster Keaton', 'Marion Mack', 'Glen Cavender']",
The Deer Hunter,1978,R,3h 3m,"['Drama', 'War']",Michael Cimino,"['Michael Cimino', 'Deric Washburn', 'Louis Garfinkle']","['Robert De Niro', 'Christopher Walken', 'John Cazale']",48979328.0
Memories of Murder,2003,Unrated,2h 12m,"['Crime', 'Drama', 'Mystery']",Bong Joon Ho,"['Bong Joon Ho', 'Kwang-rim Kim', 'Sung-bo Shim']","['Song Kang-ho', 'Kim Sang-kyung', 'Roe-ha Kim']",15357.0
Wild Strawberries,1957,Unrated,1h 31m,"['Drama', 'Romance']",Ingmar Bergman,['Ingmar Bergman'],"['Victor Sjöström', 'Bibi Andersson', 'Ingrid Thulin']",
The Wages of Fear,1953,Unrated,2h 11m,"['Adventure', 'Drama', 'Thriller']",Henri-Georges Clouzot,"['Georges Arnaud', 'Henri-Georges Clouzot', 'Jérôme Géronimi']","['Yves Montand', 'Charles Vanel', 'Peter van Eyck']",
The Third Man,1949,Approved,1h 33m,"['Film-Noir', 'Mystery', 'Thriller']",Carol Reed,"['Graham Greene', 'Orson Welles', 'Alexander Korda']","['Orson Welles', 'Joseph Cotten', 'Alida Valli']",1067364.0
Wild Tales,2014,R,2h 2m,"['Comedy', 'Drama', 'Thriller']",Damián Szifron,"['Julian Loyola', 'Damián Szifron', 'Germán Servidio']","['Darío Grandinetti', 'María Marull', 'Mónica Villa']",3106530.0
Sherlock Jr.,1924,Passed,45m,"['Action', 'Comedy', 'Romance']",Buster Keaton,"['Jean C. Havez', 'Joseph A. Mitchell', 'Clyde Bruckman']","['Buster Keaton', 'Kathryn McGuire', 'Joe Keaton']",977375.0
Mad Max: Fury Road,2015,R,2h,"['Action', 'Adventure', 'Sci-Fi']",George Miller,"['George Miller', 'Brendan McCarthy', 'Nick Lathouris']","['Tom Hardy', 'Charlize Theron', 'Nicholas Hoult']",154280290.0
Dead Poets Society,1989,PG,2h 8m,"['Comedy', 'Drama']",Peter Weir,['Tom Schulman'],"['Robin Williams', 'Robert Sean Leonard', 'Ethan Hawke']",95860116.0
Mr. Smith Goes to Washington,1939,Passed,2h 9m,"['Comedy', 'Drama']",Frank Capra,"['Sidney Buchman', 'Lewis R. Foster', 'Myles Connolly']","['James Stewart', 'Jean Arthur', 'Claude Rains']",144738.0
"Monsters, Inc.",2001,G,1h 32m,"['Animation', 'Adventure', 'Comedy']",Pete Docter,"['Pete Docter', 'Jill Culton', 'Jeff Pidgeon']","['Billy Crystal', 'John Goodman', 'Mary Gibbs']",290642256.0
How to Train Your Dragon,2010,PG,1h 38m,"['Animation', 'Action', 'Adventure']",Dean DeBlois,"['William Davies', 'Dean DeBlois', 'Chris Sanders']","['Jay Baruchel', 'Gerard Butler', 'Christopher Mintz-Plasse']",217581231.0
Jaws,1975,PG,2h 4m,"['Adventure', 'Mystery', 'Thriller']",Steven Spielberg,"['Peter Benchley', 'Carl Gottlieb']","['Roy Scheider', 'Robert Shaw', 'Richard Dreyfuss']",265859065.0
Mary and Max,2009,Unrated,1h 32m,"['Animation', 'Comedy', 'Drama']",Adam Elliot,['Adam Elliot'],"['Toni Collette', 'Philip Seymour Hoffman', 'Eric Bana']",
The Seventh Seal,1957,Unrated,1h 36m,"['Drama', 'Fantasy']",Ingmar Bergman,['Ingmar Bergman'],"['Max von Sydow', 'Gunnar Björnstrand', 'Bengt Ekerot']",
Room,2015,R,1h 58m,"['Drama', 'Thriller']",Lenny Abrahamson,['Emma Donoghue'],"['Brie Larson', 'Jacob Tremblay', 'Sean Bridgers']",14677654.0
The Big Lebowski,1998,R,1h 57m,"['Comedy', 'Crime']",Joel Coen,"['Ethan Coen', 'Joel Coen']","['Jeff Bridges', 'John Goodman', 'Julianne Moore']",18254458.0
Ford v Ferrari,2019,PG-13,2h 32m,"['Action', 'Biography', 'Drama']",James Mangold,"['Jez Butterworth', 'John-Henry Butterworth', 'Jason Keller']","['Matt Damon', 'Christian Bale', 'Jon Bernthal']",117624357.0
Tokyo Story,1953,Unrated,2h 16m,['Drama'],Yasujirô Ozu,"['Kôgo Noda', 'Yasujirô Ozu']","['Chishû Ryû', 'Chieko Higashiyama', 'Sô Yamamura']",
Ratatouille,2007,G,1h 51m,"['Animation', 'Adventure', 'Comedy']",Brad Bird,"['Brad Bird', 'Jan Pinkava', 'Jim Capobianco']","['Brad Garrett', 'Lou Romano', 'Patton Oswalt']",206445654.0
Rocky,1976,PG,2h,"['Drama', 'Sport']",John G. Avildsen,['Sylvester Stallone'],"['Sylvester Stallone', 'Talia Shire', 'Burt Young']",117235147.0
Hotel Rwanda,2004,PG-13,2h 1m,"['Biography', 'Drama', 'History']",Terry George,"['Keir Pearson', 'Terry George']","['Don Cheadle', 'Sophie Okonedo', 'Joaquin Phoenix']",23530892.0
The Passion of Joan of Arc,1928,Passed,1h 54m,"['Biography', 'Drama', 'History']",Carl Theodor Dreyer,"['Joseph Delteil', 'Carl Theodor Dreyer']","['Maria Falconetti', 'Eugene Silvain', 'André Berley']",21877.0
Logan,2017,R,2h 17m,"['Action', 'Drama', 'Sci-Fi']",James Mangold,"['James Mangold', 'Scott Frank', 'Michael Green']","['Hugh Jackman', 'Patrick Stewart', 'Dafne Keen']",226277068.0
Platoon,1986,R,2h,"['Drama', 'War']",Oliver Stone,['Oliver Stone'],"['Charlie Sheen', 'Tom Berenger', 'Willem Dafoe']",138530565.0
Spotlight,2015,R,2h 9m,"['Biography', 'Crime', 'Drama']",Tom McCarthy,"['Josh Singer', 'Tom McCarthy']","['Mark Ruffalo', 'Michael Keaton', 'Rachel McAdams']",45055776.0
The Terminator,1984,R,1h 47m,"['Action', 'Sci-Fi']",James Cameron,"['James Cameron', 'Gale Anne Hurd', 'William Wisher']","['Arnold Schwarzenegger', 'Linda Hamilton', 'Michael Biehn']",38371200.0
Jai Bhim,2021,TV-MA,2h 44m,"['Crime', 'Drama', 'Mystery']",T.J. Gnanavel,"['T.J. Gnanavel', 'Rajendra Sapre']","['Suriya', 'Lijo Mol Jose', 'Manikandan K.']",
Before Sunset,2004,R,1h 20m,"['Drama', 'Romance']",Richard Linklater,"['Richard Linklater', 'Julie Delpy', 'Ethan Hawke']","['Ethan Hawke', 'Julie Delpy', 'Vernon Dobtcheff']",5820649.0
Rush,2013,R,2h 3m,"['Action', 'Biography', 'Drama']",Ron Howard,['Peter Morgan'],"['Daniel Brühl', 'Chris Hemsworth', 'Olivia Wilde']",26947624.0
Network,1976,R,2h 1m,['Drama'],Sidney Lumet,['Paddy Chayefsky'],"['Faye Dunaway', 'William Holden', 'Peter Finch']",23689877.0
Stand by Me,1986,R,1h 29m,"['Adventure', 'Comedy', 'Drama']",Rob Reiner,"['Stephen King', 'Raynold Gideon', 'Bruce A. Evans']","['Wil Wheaton', 'River Phoenix', 'Corey Feldman']",52287414.0
The Best Years of Our Lives,1946,Approved,2h 50m,"['Drama', 'Romance', 'War']",William Wyler,"['Robert E. Sherwood', 'MacKinlay Kantor']","['Myrna Loy', 'Dana Andrews', 'Fredric March']",23650000.0
The Wizard of Oz,1939,G,1h 42m,"['Adventure', 'Family', 'Fantasy']",Victor Fleming,"['Noel Langley', 'Florence Ryerson', 'Edgar Allan Woolf']","['Judy Garland', 'Frank Morgan', 'Ray Bolger']",24668669.0
La haine,1995,Unrated,1h 38m,"['Crime', 'Drama']",Mathieu Kassovitz,['Mathieu Kassovitz'],"['Vincent Cassel', 'Hubert Koundé', 'Saïd Taghmaoui']",280859.0
Into the Wild,2007,R,2h 28m,"['Adventure', 'Biography', 'Drama']",Sean Penn,"['Sean Penn', 'Jon Krakauer']","['Emile Hirsch', 'Vince Vaughn', 'Catherine Keener']",18354356.0
The Exorcist,1973,R,2h 2m,['Horror'],William Friedkin,['William Peter Blatty'],"['Ellen Burstyn', 'Max von Sydow', 'Linda Blair']",233005644.0
Pirates of the Caribbean: The Curse of the Black Pearl,2003,PG-13,2h 23m,"['Action', 'Adventure', 'Fantasy']",Gore Verbinski,"['Ted Elliott', 'Terry Rossio', 'Stuart Beattie']","['Johnny Depp', 'Geoffrey Rush', 'Orlando Bloom']",305413918.0
The Incredibles,2004,PG,1h 55m,"['Animation', 'Action', 'Adventure']",Brad Bird,['Brad Bird'],"['Craig T. Nelson', 'Samuel L. Jackson', 'Holly Hunter']",261441092.0
To Be or Not to Be,1942,Passed,1h 39m,"['Comedy', 'Romance', 'War']",Ernst Lubitsch,"['Melchior Lengyel', 'Edwin Justus Mayer', 'Ernst Lubitsch']","['Carole Lombard', 'Jack Benny', 'Robert Stack']",3270000.0
The Grapes of Wrath,1940,Passed,2h 9m,['Drama'],John Ford,"['Nunnally Johnson', 'John Steinbeck']","['Henry Fonda', 'Jane Darwell', 'John Carradine']",
Groundhog Day,1993,PG,1h 41m,"['Comedy', 'Drama', 'Fantasy']",Harold Ramis,"['Danny Rubin', 'Harold Ramis']","['Bill Murray', 'Andie MacDowell', 'Chris Elliott']",71107962.0
Hachi: A Dog's Tale,2009,G,1h 33m,"['Biography', 'Drama', 'Family']",Lasse Hallström,"['Stephen P. Lindsey', 'Kaneto Shindô']","['Richard Gere', 'Joan Allen', 'Cary-Hiroyuki Tagawa']",
The Battle of Algiers,1966,Unrated,2h 1m,"['Drama', 'War']",Gillo Pontecorvo,"['Franco Solinas', 'Gillo Pontecorvo']","['Brahim Hadjadj', 'Jean Martin', 'Yacef Saadi']",879794.0
My Father and My Son,2005,Unrated,1h 52m,"['Drama', 'Family']",Çagan Irmak,['Çagan Irmak'],"['Çetin Tekindor', 'Fikret Kuskan', 'Hümeyra']",
The Handmaiden,2016,Unrated,2h 25m,"['Drama', 'Romance', 'Thriller']",Park Chan-wook,"['Sarah Waters', 'Chung Seo-kyung', 'Park Chan-wook']","['Kim Min-hee', 'Ha Jung-woo', 'Cho Jin-woong']",2006788.0
Amores Perros,2000,R,2h 34m,"['Drama', 'Thriller']",Alejandro G. Iñárritu,['Guillermo Arriaga'],"['Emilio Echevarría', 'Gael García Bernal', 'Goya Toledo']",5408467.0
Rebecca,1940,Approved,2h 10m,"['Drama', 'Film-Noir', 'Mystery']",Alfred Hitchcock,"['Daphne Du Maurier', 'Robert E. Sherwood', 'Joan Harrison']","['Laurence Olivier', 'Joan Fontaine', 'George Sanders']",
Cool Hand Luke,1967,GP,2h 7m,"['Crime', 'Drama']",Stuart Rosenberg,"['Donn Pearce', 'Frank Pierson', 'Hal Dresner']","['Paul Newman', 'George Kennedy', 'Strother Martin']",
The Sound of Music,1965,G,2h 52m,"['Biography', 'Drama', 'Family']",Robert Wise,"['Georg Hurdalek', 'Howard Lindsay', 'Russel Crouse']","['Julie Andrews', 'Christopher Plummer', 'Eleanor Parker']",159287539.0
Pather Panchali,1955,Unrated,2h 5m,['Drama'],Satyajit Ray,"['Bibhutibhushan Bandyopadhyay', 'Satyajit Ray']","['Kanu Bannerjee', 'Karuna Bannerjee', 'Subir Banerjee']",134241.0
It Happened One Night,1934,Passed,1h 45m,"['Comedy', 'Romance']",Frank Capra,"['Robert Riskin', 'Samuel Hopkins Adams']","['Clark Gable', 'Claudette Colbert', 'Walter Connolly']",
The Iron Giant,1999,PG,1h 26m,"['Animation', 'Action', 'Adventure']",Brad Bird,"['Tim McCanlies', 'Brad Bird', 'Ted Hughes']","['Eli Marienthal', 'Harry Connick Jr.', 'Jennifer Aniston']",23315035.0
The 400 Blows,1959,Unrated,1h 39m,"['Crime', 'Drama']",François Truffaut,"['François Truffaut', 'Marcel Moussy']","['Jean-Pierre Léaud', 'Albert Rémy', 'Claire Maurier']",509.0
The Help,2011,PG-13,2h 26m,['Drama'],Tate Taylor,"['Tate Taylor', 'Kathryn Stockett']","['Viola Davis', 'Emma Stone', 'Octavia Spencer']",169708112.0
Persona,1966,Unrated,1h 23m,"['Drama', 'Thriller']",Ingmar Bergman,['Ingmar Bergman'],"['Bibi Andersson', 'Liv Ullmann', 'Margaretha Krook']",
Life of Brian,1979,R,1h 34m,['Comedy'],Terry Jones,"['Graham Chapman', 'John Cleese', 'Terry Gilliam']","['Graham Chapman', 'John Cleese', 'Michael Palin']",20206622.0
Aladdin,1992,G,1h 30m,"['Animation', 'Adventure', 'Comedy']",Ron Clements,"['Ron Clements', 'John Musker', 'Ted Elliott']","['Scott Weinger', 'Robin Williams', 'Linda Larkin']",217350219.0
Dances with Wolves,1990,PG-13,3h 1m,"['Adventure', 'Drama', 'Western']",Kevin Costner,['Michael Blake'],"['Kevin Costner', 'Mary McDonnell', 'Graham Greene']",184208848.0
